repository,pr_number,title,pr_url,pr_created_at,merged_at,issue_url,issue_created_at,base_commit,fixed_commit,window_days,decision,reason,provenance
pallets/click,3884,Fix `show_envvar` output for a sequence or an empty `envvar`,https://github.com/pallets/click/pull/3884,2026-10-06T13:28:53Z,2026-10-06T20:59:00Z,,,bb695aaecdef95832d167fc1d508921745aa824e,8c73ff134480f436faa0d041bd19aaf949aac22c,14,selected_C01,One production file; configuration and error/help paths; no dependencies.,Authorship not independently established; no implementation AI disclosure found for selected Click cases.
pallets/click,3865,Fix short help abbreviation,https://github.com/pallets/click/pull/3865,2026-09-11T06:25:50Z,2026-09-12T02:35:08Z,,,d036881798e34289a49b18a5c550c7cf687e5a7a,70689853e39c30e36eb0d83d586cc914a74db9d3,30,selected_C02,30-day expansion for text behavior and two source repositories; no dependencies.,Authorship not independently established; no implementation AI disclosure found for selected Click cases.
pallets/click,3860,Always list all positional arguments,https://github.com/pallets/click/pull/3860,2026-09-09T09:31:22Z,2026-09-21T18:31:00Z,https://github.com/janluke/cloup/issues/210,2026-09-02T07:14:27Z,70689853e39c30e36eb0d83d586cc914a74db9d3,bb695aaecdef95832d167fc1d508921745aa824e,30,reserve,"Another help-output case; selected short-summary behavior instead. Linked Cloup issue #210 is contextual discussion, not the direct report of this exact behavior.",Authorship not audited or independently established for this reserve.
pallets/werkzeug,3298,don't modify SERVER_NAME or SERVER_PORT,https://github.com/pallets/werkzeug/pull/3298,2026-09-25T04:25:42Z,2026-09-25T04:30:12Z,https://github.com/pallets/werkzeug/issues/3294,2026-09-25T00:11:36Z,25663ddc295879d362a206b4c33f16ea2e694392,fa93b5cee027bc9baadba67f21360a8a39b2317b,14,reserve,"Strong configuration case, but would add a third repo and MarkupSafe dependency.",Authorship not audited or independently established for this reserve.
pypa/packaging,1379,fix(parser): reject whitespace in the URL token,https://github.com/pypa/packaging/pull/1379,2026-08-10T11:43:04Z,2026-10-01T13:47:32Z,,,23669b1b69fb5fffbc773a68fc099166fc847356,2602dd07d8bd5d6c54a3ce0e212f52eb2e127f3e,14,selected_C03,Bounded public parser failure; no dependencies or network during check.,PR body does not disclose AI implementation. One review explicitly records automated authority-environment checks; do not claim purely human authorship.
pypa/packaging,1382,fix: reject drive-relative license-file paths in metadata validation,https://github.com/pypa/packaging/pull/1382,2026-08-11T14:09:58Z,2026-10-02T02:15:17Z,,,1f334c04c6918789974207733f194e11a47698f5,022ae6c6fe5c2ef9615875d0ecfab1ae4024720f,14,selected_C04,Portable lexical path-validation case; eager/lazy behavior; no dependencies.,No implementation AI disclosure found in PR body or retrieved comments/reviews; authorship cannot be independently established.
pypa/packaging,1430,fix: reject empty arbitrary versions in requirements,https://github.com/pypa/packaging/pull/1430,2026-09-30T09:01:46Z,2026-10-06T14:23:26Z,,,2c87a33f665828b7aa0f650b1b50243b3ab95695,2aada00b158feb36109d77dc91d62baa91f7d400,14,reserve,"Small and viable, but duplicates the selected parser-validation category.",No implementation AI disclosure in body. A maintainer pushed the final one-character implementation after reviewer feedback.
pypa/packaging,1427,fix: anchor the wheel build tag regex to the end of the part,https://github.com/pypa/packaging/pull/1427,2026-09-29T21:50:40Z,2026-10-05T19:15:39Z,,,959bb79c06cb883bf1ecd1ddc94a079294907e0f,0625596e502163179b9a82796aee82c178efc16d,14,reserve,"Small and viable, but duplicates regex/input-boundary category.",No implementation AI disclosure found in PR body or retrieved reviews.
pypa/packaging,1376,pylock.select: fail on unknown extras and dependency groups,https://github.com/pypa/packaging/pull/1376,2026-08-09T17:31:45Z,2026-10-01T13:47:11Z,,,7b898d9f0b343ca06993157fc328d7caad51d5c2,23669b1b69fb5fffbc773a68fc099166fc847356,14,reserve,Behavior-changing feature with broader selection semantics and disclosed AI-assisted review/patch.,Maintainer review discloses AI-assisted review and proposed simplification; author reports applying suggested diff. Do not label as solely human fixed.
pypa/packaging,1436,fix: pylock filenames with mixed Windows path separators,https://github.com/pypa/packaging/pull/1436,2026-10-03T10:59:11Z,2026-10-07T14:40:21Z,,,2aada00b158feb36109d77dc91d62baa91f7d400,fa52d7237a74effdadd4ad2627d4ca413234cac2,14,reserve,Explicit Codex implementation disclosure; prefer other equally simple references.,PR body explicitly discloses Codex implementation and independent second Codex review.
pypa/packaging,1411,fix(dependency-groups): collect errors from sibling includes after a first parse error,https://github.com/pypa/packaging/pull/1411,2026-09-13T13:29:02Z,2026-10-05T18:28:20Z,,,d17cfaf0b77a5690f03087359e7c8d665a3c728d,959bb79c06cb883bf1ecd1ddc94a079294907e0f,14,reserve,"Graph-state case viable, but explicitly implemented with Hermes+GLM5.3.",PR body explicitly discloses Hermes + GLM5.3 implementation and independent review.
pypa/packaging,1412,fix(licenses): canonicalize_license_expression mangling case-distinct LicenseRef identifiers,https://github.com/pypa/packaging/pull/1412,2026-09-14T13:29:37Z,2026-10-05T20:09:26Z,,,0625596e502163179b9a82796aee82c178efc16d,2c87a33f665828b7aa0f650b1b50243b3ab95695,14,excluded,PR body conflicts with merged expected semantics; disclosed Hermes+GLM5.3 implementation.,PR body explicitly discloses Hermes + GLM5.3 implementation and review.
pypa/packaging,1378,refactor(version): use explicit keywords in __replace__,https://github.com/pypa/packaging/pull/1378,2026-08-10T05:32:44Z,2026-10-08T21:34:03Z,,,ea25b7d2befd0068fb3d46b375f6f926f4473472,332d716676eb934b67ede4054a3e3e0d4022b2d3,14,excluded,Broader signature/sentinel refactor; prefer a smaller bounded patch.,PR body labels some explanatory text AI-generated; exact implementation authorship is uncertain.
pypa/packaging,1429,perf(parser): avoid literal_eval for plain marker strings,https://github.com/pypa/packaging/pull/1429,2026-09-30T08:16:20Z,2026-10-05T15:28:14Z,,,f7c930eb18b556930564c1131fde78e576352ddc,d17cfaf0b77a5690f03087359e7c8d665a3c728d,14,excluded,Functionally equivalent performance optimization; portable gate would need benchmark work.,No AI implementation disclosure in body.
